category,title,file,source_reference
PS2,Grand Theft Auto: San Andreas,PS2/01_gta_san_andreas.png,Grand Theft Auto: San Andreas — Wikipedia
PS2,Grand Theft Auto: Vice City,PS2/02_gta_vice_city.png,Grand Theft Auto: Vice City — Wikipedia
PS2,Grand Theft Auto III,PS2/03_gta_iii.png,Grand Theft Auto III — Wikipedia
PS2,Kingdom Hearts,PS2/04_kingdom_hearts.png,Kingdom Hearts — Wikipedia
PS2,Kingdom Hearts II,PS2/05_kingdom_hearts_ii.png,Kingdom Hearts II — Wikipedia
PS2,God of War,PS2/06_god_of_war.png,God of War (2005 video game) — Wikipedia
PS2,Shadow of the Colossus,PS2/07_shadow_of_the_colossus.png,Shadow of the Colossus (2005 video game) — Wikipedia
PS2,Ratchet & Clank: Up Your Arsenal,PS2/08_ratchet_and_clank_uya.png,Ratchet & Clank: Up Your Arsenal — Wikipedia
PS2,Jak 3,PS2/09_jak_3.png,Jak 3 — Wikipedia
PS2,Final Fantasy X,PS2/10_final_fantasy_x.png,Final Fantasy X — Wikipedia
VHS,Back to the Future,VHS/01_back_to_the_future.png,Back to the Future — Wikipedia
VHS,Ghostbusters,VHS/02_ghostbusters.png,Ghostbusters (1984 film) — Wikipedia
VHS,The Goonies,VHS/03_the_goonies.png,The Goonies — Wikipedia
VHS,Jaws,VHS/04_jaws.png,Jaws (film) — Wikipedia / Wikimedia Commons
VHS,Jurassic Park,VHS/05_jurassic_park.png,Jurassic Park (film) — Wikipedia
VHS,Toy Story,VHS/06_toy_story.png,Toy Story — Wikipedia
VHS,The Lion King,VHS/07_the_lion_king.png,The Lion King — Wikipedia
VHS,Titanic,VHS/08_titanic.png,Titanic (1997 film) — Wikipedia
VHS,The Matrix,VHS/09_the_matrix.png,The Matrix — Wikipedia
VHS,Star Wars,VHS/10_star_wars.png,Star Wars (film) — Wikipedia
